{"schemaVersion":"1.0","appDefinitionTemplate":{"id":"/providers/Microsoft.PowerApps/apps/","type":"Microsoft.PowerApps/apps","tags":{"primaryDeviceWidth":"1136","primaryDeviceHeight":"640","supportsPortrait":"false","supportsLandscape":"true","primaryFormFactor":"Phone","publisherVersion":"3.22111.19","minimumRequiredApiVersion":"2.2.0","hasComponent":"false","hasUnlockedComponent":"false","isUnifiedRootApp":"false","sienaVersion":"20221116T122219Z-3.22111.19.0"},"properties":{"appVersion":"2022-11-16T12:22:19Z","lifeCycleId":"Published","createdByClientVersion":{"major":3,"minor":22111,"build":19,"revision":0,"majorRevision":0,"minorRevision":0},"minClientVersion":{"major":3,"minor":22111,"build":19,"revision":0,"majorRevision":0,"minorRevision":0},"backgroundColor":"rgba(164, 38, 44, 1)","backgroundImageUri":"/10203015041316359989/N3a568368-e492-4d9f-9b82-fde036259161-logoSmallFile","displayName":"名刺OCR","description":"","commitMessage":"","appUris":{"documentUri":{"value":"/10203015041316359989/N2ec1473b-5c9e-4a43-aab2-d69e41e7193d-document.msapp"},"imageUris":[],"additionalUris":[]},"createdTime":"0001-01-01T00:00:00Z","lastModifiedTime":"0001-01-01T00:00:00Z","sharedGroupsCount":0,"sharedUsersCount":0,"icons":{"smallIconUri":"/10203015041316359989/Nb8d05b14-deca-4e46-8f40-215cf22e8450-small.png","mediumIconUri":"/10203015041316359989/N4b297f0a-3282-4d2e-8a0e-1ddc064c89fb-medium.png","largeIconUri":"/10203015041316359989/N88743d4f-c4d3-41d6-abf3-325723ed3d02-large.png","wideIconUri":"/10203015041316359989/Ne5ba9375-babb-4696-8f60-2dbdbb063597-wide.png"},"connectionReferences":{},"databaseReferences":{"default.cds":{"databaseDetails":{"referenceType":"Environmental","environmentName":"default.cds","overrideValues":{"status":"NotSpecified"}},"dataSources":{"43b0dc67-68af-47ae-9a9c-9e69d396ba3e":{"entitySetName":"msdyn_aimodels","logicalName":"msdyn_aimodel"}},"actions":["providers/PowerPlatform.Governance/Operations/Read"]}},"almMode":"Environment","performanceOptimizationEnabled":true,"canConsumeAppPass":true,"enableModernRuntimeMode":false,"executionRestrictions":{"isTeamsOnly":false,"dataLossPreventionEvaluationResult":{"status":"Compliant","lastEvaluationDate":"2022-11-16T12:04:54.9817583Z","violations":[],"violationsByPolicy":[],"violationErrorMessage":"このアプリでは、次のコネクタが使用されます: shared_commondataservice。"}}},"appType":"ClassicCanvasApp","appComponents":[]}}